Date,Stk_ret,Value,Momentum
1920-01-31,,-0.019278486046431717,-0.09230860798846408
1920-02-29,-1.1865922673416662,0.15802950444069383,0.05511414870862698
1920-03-31,1.5438529224916129,0.21095771113149303,0.2833854672923315
1920-04-30,0.7003985784673892,0.30940975953780253,0.36742950392699314
1920-05-31,1.1583593544528723,0.4443529917814485,0.3876999585005394
1920-06-30,1.515613042208097,0.5822234280438962,0.46375475514433506
1920-07-31,0.7490674446467495,0.5621873167345228,0.35612346411437523
1920-08-31,1.3166114101108513,0.7010383824740374,0.32085486668152663
1920-09-30,2.5056162830708315,0.7927201041895781,0.2582048652515607
1920-10-31,1.342729508298926,0.8251361995948723,0.052873350122425805
1920-11-30,1.0605775477009287,0.8473257655605761,-0.1453207119529497
1920-12-31,0.3935988296998887,0.8509453469525825,-0.3899968333627549
1921-01-31,0.2321662393504078,1.0258215607697903,-0.5126576487680365
1921-02-28,0.509777242377085,0.925322982302876,-0.747103237573265
1921-03-31,0.9693752412543595,0.9295432861773085,-1.0506807417422392
1921-04-30,2.4889637477694313,0.993669680103021,-1.1202434327476514
1921-05-31,2.112352361584586,0.9927711336547169,-1.2173085653552123
1921-06-30,1.2561084230491466,0.928889489323028,-1.3679318751362697
1921-07-31,1.268468476929476,1.0064352033999804,-1.4428970317860568
1921-08-31,1.0502463876022865,0.8836486368748526,-1.312374677822605
1921-09-30,1.2569285257776939,0.9486125676305558,-1.1484579639645613
1921-10-31,-0.3257039350486879,0.7937700453076939,-1.0663377102986578
1921-11-30,0.2517860331090725,0.7518099303349374,-0.862582710828506
1921-12-31,-1.060393270876677,0.6079864507937939,-0.6026615870057664
1922-01-31,-1.6755838072042053,0.46437964246371066,-0.28726129825912267
1922-02-28,-2.2493153534719914,0.5156964543135533,-0.08676234011808912
1922-03-31,0.47331237111720026,0.35288265666876184,0.14660637987410824
1922-04-30,1.1685328015216148,0.32801177926522596,0.400864852401597
1922-05-31,1.6483790089967045,0.19142484459369652,0.5211728247369752
1922-06-30,1.8862659823221004,0.09455498960460508,0.6857199708227932
1922-07-31,0.8632473286647844,0.008973313919987458,0.7461477602496863
1922-08-31,1.9000209289566836,-0.06886960203511533,0.8688446834785346
1922-09-30,1.2933379776088496,-0.1717203205110339,0.946544302415495
1922-10-31,1.3486126537825776,-0.28916460134831284,0.7697714008865191
1922-11-30,0.545711840687652,-0.3740992155888215,0.6233923495396715
1922-12-31,0.29947748865431556,-0.46708857817523,0.4482048018632215
1923-01-31,1.532246719958855,-0.5853422750699148,0.26401038302756774
1923-02-28,1.1085932100569231,-0.6338777787695032,0.1567469411818688
1923-03-31,-0.5858163002762065,-0.692084723318458,0.03842982422795019
1923-04-30,-0.7301408555112509,-0.8833490316333352,-0.04507121556683655
1923-05-31,0.18282960349624244,-0.8597359723577453,-0.1113270227551856
1923-06-30,-1.9093561019490501,-0.8037294708165382,-0.2731537213088753
1923-07-31,-2.7592705870938308,-0.9649959347832211,-0.3178051672965503
1923-08-31,-3.1914472186395444,-0.9179941328369329,-0.2129660145206664
1923-09-30,-2.6893388961491795,-1.0225821252259286,-0.16928966291256553
1923-10-31,-3.602438554054982,-1.0405688856452155,-0.002055516680399279
1923-11-30,-2.73383192259685,-0.998490490517932,0.15717712174356502
1923-12-31,-3.091971221582096,-0.9935083856513133,0.4205889365164116
1924-01-31,0.1843943119400242,-0.916226676036572,0.5776803188568448
1924-02-29,-1.8365983122778864,-0.8509371882744498,0.7327929217189246
1924-03-31,-1.5624463807168896,-0.9004490845717532,0.9951076540251611
1924-04-30,1.0487420668928846,-0.9144989360074779,1.0045287038879238
1924-05-31,0.2874754112435722,-0.7877284832955102,1.1089606708548465
1924-06-30,-0.23222645181958224,-0.8094544634392878,1.1789681571137005
1924-07-31,0.6622612674900015,-0.6712649178832883,1.1331717225425406
1924-08-31,0.4968885742830841,-0.44440956809384513,1.053380835144367
1924-09-30,0.6742725816470418,-0.43276535755985196,0.9846497707179842
1924-10-31,2.657221988724557,-0.29726851785950037,0.7706057180997226
1924-11-30,2.6742815007895353,-0.16418468354187757,0.6030101564267971
1924-12-31,2.1850307114351564,-0.1677074590681515,0.2453305903840445
1925-01-31,1.146129593951339,-0.038936848292531044,-0.007205144993447822
1925-02-28,0.913037948515712,0.1173971642472523,-0.3103032055657059
1925-03-31,-2.4082767433783534,0.20208358826835066,-0.5229207975214942
1925-04-30,-1.3995083423324455,0.2784147680893764,-0.7096667490427003
1925-05-31,0.1467717119370744,0.41611743608920176,-1.041545612324049
1925-06-30,-1.4097422444951866,0.4887710257595547,-1.1078648833357523
1925-07-31,-1.6431274845825414,0.4799602809729501,-1.1359924234424694
1925-08-31,-1.752809927406187,0.6676932065890725,-1.2008331237205037
1925-09-30,-1.5600743635097551,0.7088876053135513,-1.1814190874355315
1925-10-31,0.6736377233036972,0.7451956112214566,-1.0596836204891213
1925-11-30,0.7797842254733653,0.9514776975670508,-1.0321821235260884
1925-12-31,1.6423590768032246,0.819157285183584,-0.8433898587069422
1926-01-31,2.161057976822323,0.8990359003248035,-0.5806828515692978
1926-02-28,1.8207195126979718,0.9214582764775264,-0.3992709037223003
1926-03-31,2.1289806114302685,1.0124276435961304,-0.15822553228473046
1926-04-30,1.668665208298849,0.951358881853528,-0.01472232306568835
1926-05-31,2.268559827419304,0.9664275890175926,0.06709027177159085
1926-06-30,2.1586316243458716,0.9179119443107547,0.1492393783438368
1926-07-31,2.7286371382509116,0.9475939765937843,0.2606043002926525
1926-08-31,2.3911103412347177,0.9333337449850018,0.23024041076510227
1926-09-30,0.9678733009155931,0.8975515336967952,0.15343771969976336
1926-10-31,3.2442991926609834,0.8314887557195947,0.06812375671026837
1926-11-30,1.838880446926137,0.7639566027581715,-0.08418544297503383
1926-12-31,0.3020439326938481,0.6651835918843333,-0.14247171762918806
1927-01-31,-1.1707894027116237,0.6474126257658349,-0.28295854630337863
1927-02-28,-0.6147092040493837,0.47585698676261456,-0.5208181550815537
1927-03-31,-1.5881409919070382,0.4382650850304408,-0.5952371527420096
1927-04-30,-1.5113417644913558,0.34967948594847026,-0.7342139149774476
1927-05-31,-2.2812914445156443,0.24136974660836658,-0.7154342453315632
1927-06-30,-1.8188820565812849,0.17289226083189835,-0.8372175955450042
1927-07-31,0.05809547230267276,0.05022480404225256,-0.7965848130959454
1927-08-31,0.15897449147707987,-0.08905685484276736,-0.6926542298488072
1927-09-30,-0.805708240000754,-0.2286969769480865,-0.6206502970157448
1927-10-31,-0.7463835937892458,-0.30623902480872295,-0.46406863715898306
1927-11-30,-1.8061068929768702,-0.5047418125225607,-0.12388715607237458
1927-12-31,0.5953384340539514,-0.546223899959426,0.13705130611938734
1928-01-31,-0.27274082137046135,-0.5942813389992766,0.31018842467951924
1928-02-29,0.57379768585425,-0.744323333562543,0.5887557728910426
1928-03-31,-1.1848832465642185,-0.8100596193440203,0.8148079263158302
1928-04-30,0.31481667542670355,-0.8704667628285461,1.0694069862969047
1928-05-31,-0.004717572367794576,-0.8107773688091039,1.1529325338871004
1928-06-30,0.7341690440121433,-0.9664018101328554,1.3449484599291335
1928-07-31,-0.723722134832234,-0.9506210722810078,1.4792197780052478
1928-08-31,-2.4549252573827656,-0.9818776906615343,1.431759072655787
1928-09-30,-1.22781681065376,-1.0280773666944751,1.3395653001968784
1928-10-31,-0.7873835752984164,-1.027069328826051,1.102809371177963
1928-11-30,-1.9074606886001306,-1.0720472882406462,1.0411857477696662
1928-12-31,-2.467625322923018,-1.0280648644293082,0.8280886116361685
1929-01-31,-0.012569434920210343,-0.9298351344917408,0.4903464686694736
1929-02-28,-1.1593991553277279,-0.9681786340513883,0.3372512012536494
1929-03-31,-0.9510122742831578,-0.9050227836415117,0.1295094477287389
1929-04-30,0.07604263495710795,-0.8248863216579344,-0.02632384802917894
1929-05-31,-0.0017710072521304188,-0.7686827397309847,-0.25788106579154313
1929-06-30,-1.4985696226103495,-0.7021543355930532,-0.40704006707595947
1929-07-31,-1.7623388278206327,-0.5837291865891407,-0.49071404882223707
1929-08-31,-1.144611540952566,-0.5037862376313175,-0.4811095336930948
1929-09-30,0.23972148544268257,-0.31951792063019335,-0.49636698804429275
1929-10-31,-0.9164553236967425,-0.3000705220136958,-0.336461511002612
1929-11-30,-0.2159873575280521,-0.2722554662578852,-0.24386446387803212
1929-12-31,-2.0438739118917146,-0.11673704785474877,-0.11739312346481048
1930-01-31,-0.4508145693006624,-0.03429705777393686,0.07404669760137575
1930-02-28,0.5506318484082767,0.0690913907488894,0.15661543402001943
1930-03-31,0.9722358151498769,0.2538546916699182,0.2906357978762665
1930-04-30,0.7151239794827327,0.33656038627623797,0.33854674907650895
1930-05-31,0.8630293929047985,0.3852494615580737,0.448179337138277
1930-06-30,1.402949697494498,0.44054481833312004,0.5243644971534567
1930-07-31,1.0293887214436768,0.5218614142823891,0.49610376335543616
1930-08-31,1.2046138097308168,0.6338379227623648,0.41634045564996225
1930-09-30,0.7392224676209539,0.8098180100861156,0.22071865147059716
1930-10-31,0.4932743023345456,0.9112796777163208,0.04828144273090915
1930-11-30,1.1297819397412268,0.7990569177623182,-0.09666818092592296
1930-12-31,1.2252534116974618,0.855570420320866,-0.32201949888612447
1931-01-31,2.269273483488015,0.9986933383946347,-0.5645669425700942
1931-02-28,1.1050564150857254,0.9670447044871671,-0.7383255679670461
1931-03-31,1.641956217976346,1.0287237170469088,-1.0189134236682718
1931-04-30,1.7008447756163196,0.998084045554334,-1.1995076820673831
1931-05-31,0.8187564057416292,1.0465816295401855,-1.31795868417601
1931-06-30,1.1578659092746637,0.9809946793691899,-1.2816964853855082
1931-07-31,1.9949519592917073,0.9415043380630542,-1.260108149034264
1931-08-31,1.588631134274927,0.834771142414761,-1.2340148309616823
1931-09-30,0.6919992421350653,0.9225023882853642,-1.2230992145773483
1931-10-31,2.4936470375911792,0.8372484964726841,-0.9882853825485373
1931-11-30,0.5262658763957204,0.6901794806472967,-0.8919614199324641
1931-12-31,-0.0039046575658324145,0.7351700088549773,-0.6517839128931985
1932-01-31,-0.5463248833195389,0.5884474858595851,-0.4551418099200518
1932-02-29,0.37065895068142507,0.4670347026962156,-0.11587216807064282
1932-03-31,0.6925883336280455,0.44979493205937277,0.18188259940121834
1932-04-30,0.39136918847212976,0.31133716881948337,0.34013086236317186
1932-05-31,1.0646557572992619,0.1528808212346622,0.5754845390538703
1932-06-30,1.718315799443114,0.14728109487609226,0.6420703469587796
1932-07-31,2.0799820882404383,0.020186793687805585,0.8168587330851541
1932-08-31,2.3183157627343443,-0.12106768811559239,0.8625491401514273
1932-09-30,2.025987389823049,-0.1213606300378751,0.7970434546155767
1932-10-31,0.6332033031159274,-0.35955151599261154,0.8014718244935389
1932-11-30,0.7281415998108045,-0.43255514597449135,0.554534765573737
1932-12-31,1.4902889848258778,-0.4538533092514455,0.5109794690450095
1933-01-31,2.1116934650250814,-0.48116405022259745,0.23884258387948665
1933-02-28,0.7153496160066847,-0.6753175758501448,0.22473709104643771
1933-03-31,0.8912144756528191,-0.7074425740525765,0.04669045304988716
1933-04-30,-2.1593576183455148,-0.9167511644280573,-0.16594415000363838
1933-05-31,0.4944471171512621,-0.8960886269901666,-0.21795983221263115
1933-06-30,-0.9076086594732435,-0.8497355570787097,-0.20053166694105404
1933-07-31,-2.224567646245336,-0.8989272006972796,-0.20513749888944666
1933-08-31,-3.6421216524805873,-0.9805337131924622,-0.2172035687189024
1933-09-30,-4.085543813778953,-1.0391680203182787,-0.1142864119478056
1933-10-31,-1.5090353883303356,-1.0560649554918724,0.1334418267077872
1933-11-30,-3.5495629733537477,-1.0351755908019857,0.23579172192117515
1933-12-31,-2.5621523284494447,-0.9198471552857553,0.5021881203929305
1934-01-31,-1.5020284033269882,-1.0080546078043138,0.5484240265573747
1934-02-28,-0.5299139494276138,-0.8499572199433867,0.7954461367916061
1934-03-31,0.27851410613991034,-0.7937852149824164,0.9870334151892348
1934-04-30,-0.6624895786499703,-0.850908904650503,1.0033385724908903
1934-05-31,-0.42624423873066897,-0.7402304248538986,1.2358015186852933
1934-06-30,0.24543697731641786,-0.6422015716202498,1.1503405407481173
1934-07-31,0.05513266373865533,-0.5987718690191891,1.1117565672079643
1934-08-31,-0.11886130716595722,-0.5074734104958531,1.066281309378126
1934-09-30,1.2888417748559498,-0.3747726106264482,1.0107737065683462
1934-10-31,1.393897987909624,-0.26442446869373537,0.7205666405616759
1934-11-30,2.038763352296761,-0.17519182625333649,0.5783998861984365
1934-12-31,0.496806362886969,-0.12111423966361351,0.17529175938531633
1935-01-31,0.6286146254637773,0.02470214026771611,0.06789260183974768
1935-02-28,-0.7061911356040316,0.15889704065926266,-0.22250018121477355
1935-03-31,-0.7748789671494966,0.25068241025136123,-0.44320566528953803
1935-04-30,-0.6596174382942136,0.2591102681736832,-0.9100598708779666
1935-05-31,-2.4228784505588172,0.4917427624490952,-1.051049214547281
1935-06-30,-1.403847538529532,0.5148050190473166,-1.0298421762648133
1935-07-31,-1.797477258389226,0.6531369929901152,-1.1197505333784428
1935-08-31,-0.7713679408774426,0.6759157793624285,-1.1807010605529165
1935-09-30,0.701035999875378,0.809035047443536,-1.1306757040306683
1935-10-31,0.08830176985241833,0.8181386163076141,-1.0707435814858584
1935-11-30,1.5517697752092656,0.8119906493316139,-0.9271224638262482
1935-12-31,0.44121479075506065,0.9977892030597544,-0.7772310867574957
1936-01-31,0.2577210422902633,0.9875240806958085,-0.6268162109645244
1936-02-29,0.26521625143214245,0.97531393393555,-0.34294946968768053
1936-03-31,0.5431799812207256,1.0793758817253414,-0.2558347704000722
1936-04-30,2.178186826857476,0.9851229895152191,-0.09016913394751958
1936-05-31,0.591522291031306,1.0129049841717979,0.05892027866950891
1936-06-30,3.115460597877704,1.010704066441715,0.21307938077117014
1936-07-31,3.43471508195053,0.8918013200376552,0.2414894536598997
1936-08-31,3.111301933775372,0.9330486525722301,0.2046501164401096
1936-09-30,3.642899122758678,0.9097031505736773,0.2064323898416319
1936-10-31,2.4733599111683,0.8042010056218791,0.0527737846458612
1936-11-30,1.4532116746398587,0.6702342946623894,-0.007885049978294999
1936-12-31,0.3262049371426061,0.687268707457984,-0.23386788044622103
1937-01-31,0.053050862465686355,0.5081102200777112,-0.336467112280771
1937-02-28,-1.6766655119238254,0.48606407330624607,-0.4981943612966882
1937-03-31,-0.26046194645788134,0.35755796803513895,-0.6441348714281926
1937-04-30,-2.167209316539421,0.37536193715110394,-0.7692691774239426
1937-05-31,-2.8238840063570754,0.23241895654148673,-0.7753774979105025
1937-06-30,-0.5415014471277191,0.033576465021386864,-0.8647544660126925
1937-07-31,-1.3427769230850748,0.011243085948333445,-0.838886126374771
1937-08-31,-0.6251515432024208,-0.06537546621420005,-0.7721096593909574
1937-09-30,-0.8359286155416423,-0.19274818193258997,-0.5919518657285031
1937-10-31,-0.7865562225780756,-0.3383612567623646,-0.4609271280581937
1937-11-30,-1.9407473166423346,-0.476428103926602,-0.23683107781185947
1937-12-31,-0.6428067956381983,-0.4695053596983225,0.013095123292062152
1938-01-31,0.07187050459949615,-0.6165671141111596,0.3573125619595995
1938-02-28,1.6312139549452715,-0.6391626687097047,0.6209879704796811
1938-03-31,0.9730993458349558,-0.7587716425045117,0.8009609312534308
1938-04-30,1.8808612513422656,-0.8125011004864436,1.039321237481124
1938-05-31,-0.3796558215918482,-0.7914493495574384,1.268785283340355
1938-06-30,-0.7910607406432772,-0.8911694512960416,1.3616041925538394
1938-07-31,-1.812920260630358,-0.9564399951477377,1.329631401133281
1938-08-31,-1.7057670550802246,-0.9832592485730297,1.3479408891829339
1938-09-30,-1.3454600177473564,-0.9299838402918411,1.268619624932818
1938-10-31,-0.9515527651942939,-1.0563638521490482,1.3236055868523362
1938-11-30,-2.491376599953414,-0.9934818070686454,0.9684393084469701
1938-12-31,-1.5270051705522911,-0.9127093401463662,0.8138664835855539
1939-01-31,-1.3053417110205467,-0.9527262051652594,0.5293532822610454
1939-02-28,-1.786707996606148,-0.9100728409589628,0.24150333256397583
1939-03-31,-0.9704642051052278,-0.8516261922901814,0.10150268898674689
1939-04-30,-1.6234792073973079,-0.7409983006458689,-0.08782212920520165
1939-05-31,-1.3562354946182256,-0.7420199957034486,-0.21728121974697284
1939-06-30,-1.5735578435070758,-0.7506854332016895,-0.2931924159084263
1939-07-31,-1.5952734609303285,-0.6960362956883934,-0.4946171747722449
1939-08-31,-0.7786507185057978,-0.5840722669440184,-0.4982134558460996
1939-09-30,-2.251221562983582,-0.38209816533231494,-0.48645271360660114
1939-10-31,-0.9365487009719107,-0.3448480808384688,-0.22987853627107213
1939-11-30,-1.005639935891768,-0.19226333720664776,-0.2659838021330706
1939-12-31,-0.9130624885605174,-0.09522931481396683,-0.0808415605536232
1940-01-31,-0.8969109456772517,-0.058665092038780266,0.0029404422621230946
1940-02-29,0.5069083582963672,0.16279723681043487,0.11987315461419282
1940-03-31,-0.10896813083864759,0.16289197511133874,0.32450817156052464
1940-04-30,0.5809907673699233,0.29365323890929773,0.36882529477308923
1940-05-31,1.2823023358159962,0.38380332302766834,0.4863895557870146
1940-06-30,1.028125600332582,0.5437929942381162,0.4349631889669512
1940-07-31,0.49097064322394535,0.5774654539778359,0.45264216013042424
1940-08-31,1.271666680633119,0.8009146644856323,0.3297524739853499
1940-09-30,2.4431050428753,0.7262779260375083,0.22987271424271594
1940-10-31,1.74811828271472,0.7210406205660164,-0.023311525421844587
1940-11-30,0.21357896797340659,0.8312393531504149,-0.10161794707251534
1940-12-31,2.2153038787083172,0.9410007770991669,-0.38018915225759264
1941-01-31,1.0387631065793665,0.880759446164763,-0.4958379204352381
1941-02-28,0.6015643476352452,0.944835680938201,-0.7479407175131368
1941-03-31,1.4177016944259333,0.93313544878592,-1.0538157107707424
1941-04-30,2.3429147652254674,1.0894503913497706,-1.119254274819376
1941-05-31,1.80360350763947,0.9380113871413418,-1.26502462589121
1941-06-30,1.9375774895074704,0.9622269765776473,-1.3267332221147539
1941-07-31,1.6820352592670065,0.9008816106618432,-1.4480334589774102
1941-08-31,1.4511970494396091,0.8895516096227113,-1.4014840987061505
1941-09-30,0.3544560358579256,0.7562808198255252,-1.2511258493461777
1941-10-31,1.5068223902825166,0.8245080037504099,-1.1469537336515458
1941-11-30,-0.32256790118833456,0.7385221517831856,-0.8342319076918736
1941-12-31,-1.4506599684811847,0.6459044025978302,-0.6958228425534283
1942-01-31,-1.0652125503719843,0.6041765154824545,-0.38045842682699
1942-02-28,-1.7825629730240728,0.52989817045184,-0.09062578612163885
1942-03-31,-1.1234769869850225,0.40620857459432885,0.19365901393299115
1942-04-30,-0.028791844801619948,0.3709135842893413,0.4263499309568239
1942-05-31,1.9272520991447708,0.31663049250849573,0.6108021753878986
1942-06-30,0.08259100477309422,0.07215077671504605,0.6781659931784656
1942-07-31,2.0523978502142937,0.048782792746006415,0.8293638748135883
1942-08-31,1.1152849097231117,-0.08108296997831553,0.7833431896372435
1942-09-30,2.2557035504428096,-0.16138052381865262,0.8083596296987261
1942-10-31,0.5388709432988472,-0.33906914312908976,0.7230545774819527
1942-11-30,0.04929226850292734,-0.3457981942280824,0.6454802078490812
1942-12-31,1.9375009143974506,-0.5004634577701358,0.543132481215364
1943-01-31,1.0607241073621458,-0.5948166129961476,0.33319678235373107
1943-02-28,1.021058592345309,-0.671868766113479,0.21858441003547185
1943-03-31,-0.2341772618015741,-0.7400035215013899,0.016297953639493074
1943-04-30,0.3792447604274978,-0.8760171103285337,-0.08910415644791216
1943-05-31,-1.3806192703055722,-0.872633543044913,-0.13118378205432024
1943-06-30,-3.8410457029099527,-0.9551667965431225,-0.29500423210839566
1943-07-31,-3.2661647207047557,-0.8474844879146861,-0.2209339467655057
1943-08-31,-3.1787047901925556,-0.9781361932726195,-0.09730556210799796
1943-09-30,-2.265397069010766,-0.9882433637548877,0.02183252676620709
1943-10-31,-1.5045710670705468,-1.0224561488911585,0.04660276227558374
1943-11-30,-3.431316205702287,-0.9746679586497173,0.19705284841727197
1943-12-31,-2.300896965725346,-0.9710667813790587,0.41844356212364164
1944-01-31,-1.9046527941670934,-0.9656657420902064,0.48476269129023397
1944-02-29,-1.3705728130113382,-0.9824092541041217,0.8186017112283281
1944-03-31,-0.4897730557664707,-0.8495439862283319,1.0403100052592944
1944-04-30,0.2131862539512367,-0.8959593522748122,1.1040823044901031
1944-05-31,-0.5413209002958359,-0.7026756514809842,1.0760708189260733
1944-06-30,0.8085380197645364,-0.7360825116235421,1.187350013053933
1944-07-31,-0.006862447767037705,-0.5049848080904868,1.1740799102115176
1944-08-31,0.865916836050037,-0.5070859482325416,1.0516751299540399
1944-09-30,1.7300045145351834,-0.3593102532816427,0.9880534063574999
1944-10-31,-0.2819899126967671,-0.34810442669296854,0.7138973104834441
1944-11-30,0.6515126378892594,-0.2247284087724997,0.45777171077043965
1944-12-31,1.9380465665245752,-0.1228509305360612,0.30130583254464244
1945-01-31,0.43659126532536335,-0.01588907249851082,0.025393623060989703
1945-02-28,0.5840342762303405,0.05760501938954981,-0.2918691354724211
1945-03-31,-0.012285963457543403,0.31301552870295696,-0.4962244253972927
1945-04-30,-0.17101836151360628,0.33375419169273385,-0.7018397322487414
1945-05-31,-1.618843194863674,0.39841289300978333,-0.818055913874561
1945-06-30,-1.4973722295339313,0.48336383345258743,-1.112532690147216
1945-07-31,-1.6366670592643306,0.5565768979346369,-1.1983294861938332
1945-08-31,0.06368349253693317,0.6418053497785932,-1.1262201302745827
1945-09-30,-1.0680053129266327,0.7932746210955542,-1.1089108398236045
1945-10-31,-1.1018425675046308,0.831699018544682,-1.0921383399219433
1945-11-30,-1.865842131712836,0.8367493993027915,-0.8496102532993608
1945-12-31,0.7545679173392329,0.9581915258380028,-0.6720267812329676
1946-01-31,0.6484641101106622,0.8358635722000439,-0.6277811846250058
1946-02-28,0.2941335074508402,0.9828017075259733,-0.35282235391630334
1946-03-31,0.39231781316772696,0.9195396437742552,-0.2586809853325617
1946-04-30,2.0062739764205038,0.992389260070011,-0.00755728062565714
1946-05-31,1.6881013886861587,1.0007812445208628,0.12467917785800334
1946-06-30,3.3970293995280243,0.9967484247299452,0.1942259933633313
1946-07-31,2.330729656451584,0.8612404094208844,0.19900130512013453
1946-08-31,3.408187181825319,0.9310601568031969,0.18421328312906626
1946-09-30,1.786906999249961,0.8543632578718966,0.21605797188984
1946-10-31,2.6994936581700957,0.8007896987043661,0.09886618356686819
1946-11-30,1.210090144526153,0.7852027138640171,-0.0787866130996533
1946-12-31,0.22685440784613964,0.6466564138944076,-0.1325260824050567
1947-01-31,-0.28375231899392306,0.5980544697442757,-0.3186130692503961
1947-02-28,-0.9594010285442713,0.4989869046542415,-0.566835816808707
1947-03-31,-0.3490209900875634,0.4226588044589289,-0.6107742035312259
1947-04-30,-2.000572678351695,0.344352320124074,-0.7230348421384404
1947-05-31,-0.3369046232168452,0.20720502061850762,-0.7671968575358833
1947-06-30,-0.17445531261006586,-0.0075382041648153625,-0.8660119606786674
1947-07-31,-1.9622729223497688,-0.006150615565166902,-0.9183197574110673
1947-08-31,-1.5515981640277319,-0.10123197085635577,-0.759195084296753
1947-09-30,-1.2109260659309418,-0.15445039508037706,-0.6976529413241591
1947-10-31,-1.0435157737856735,-0.31909294191149096,-0.3812351017345487
1947-11-30,-1.3478538783189273,-0.37360418533366196,-0.18320903707227465
1947-12-31,0.7629055266009558,-0.5359953044913757,0.05242033415348539
1948-01-31,-0.3677191478036486,-0.5172542755586087,0.35058379517399096
1948-02-29,0.7712902681659429,-0.6855786942369274,0.6428802508013075
1948-03-31,0.3843651892591252,-0.7040487142400011,0.8983440626739192
1948-04-30,-0.6524514152596657,-0.7886643912449526,1.0279596101012751
1948-05-31,-0.925380983752349,-0.8778868126906577,1.2547885234142535
1948-06-30,-0.5958673472010523,-0.9102745328063881,1.3685408764477316
1948-07-31,-1.19549975121675,-0.9347433706668511,1.3282323440564796
1948-08-31,-1.1664042562245898,-0.9460151876233289,1.3200731838142077
1948-09-30,-1.681946748163577,-0.9727938165036976,1.3165472040593598
1948-10-31,-1.6589196741925254,-0.9761052939447729,1.0636280291863094
1948-11-30,-0.8468450370804834,-1.1697427924136572,0.9944803309355893
1948-12-31,-1.4004636654200207,-1.03487292308174,0.7917522927352633
1949-01-31,-1.521995670693521,-0.966899526571915,0.5532541426174091
1949-02-28,-1.9431903492225624,-0.9439328826356819,0.4239034689786271
1949-03-31,-1.9595680696945106,-0.8639248343742898,0.11832422669718057
1949-04-30,-0.6637132602729315,-0.7600593726710869,-0.17384425033251788
1949-05-31,-0.5846094076868811,-0.6967066902493203,-0.28628054361253974
1949-06-30,-2.238074804220698,-0.6934255804076422,-0.35147631258668677
1949-07-31,-2.9449817046752447,-0.5592382841629896,-0.42886546016978155
1949-08-31,-1.8430517650023241,-0.43359469081710467,-0.40942960522199595
1949-09-30,-1.0953464722184107,-0.3684112506032803,-0.40923544783526244
1949-10-31,-0.8875243936363018,-0.3178193567991269,-0.355211138984671
1949-11-30,-1.020431898535985,-0.21752199854487975,-0.2968587553422466
1949-12-31,-1.1444991007265843,-0.11152771821267655,-0.16463666343404423
1950-01-31,-0.08738380702821252,-0.02330225914866355,-0.0029539715446056393
1950-02-28,-1.6725543892703059,0.15160283944924435,0.11171479231192949
1950-03-31,0.6022613687960364,0.20532396966426694,0.2335860373236447
1950-04-30,0.7318257855268117,0.28930298099121166,0.4280976486782717
1950-05-31,1.5120867594185938,0.4331434398202188,0.5230916399301004
1950-06-30,2.1400258984270977,0.5309788966026612,0.5056662313312649
1950-07-31,0.7811764046000095,0.5760940978634688,0.4105812249097833
1950-08-31,-0.19929927680652937,0.6572685724895496,0.4119882782075093
1950-09-30,1.8993890457237534,0.7875779621719863,0.2955990854115719
1950-10-31,2.5629933646763963,0.9081373606560981,0.013480206734905617
1950-11-30,0.6356030002070402,0.9698995799441963,-0.1422790078815619
1950-12-31,1.4260074332475547,0.9558453045131612,-0.30717293557167646
1951-01-31,0.4949377011150533,0.9680128142930028,-0.5921294650299478
1951-02-28,1.4845198563628517,0.971899977168379,-0.8051600925586179
1951-03-31,1.7712906444716832,1.0058943323191216,-1.0324746359218342
1951-04-30,3.303485631824863,1.0211571989693924,-1.1582177236992683
1951-05-31,2.695099347983561,1.0203446473284754,-1.2690766439580943
1951-06-30,1.393546397020701,0.994100511863552,-1.4086046687673521
1951-07-31,2.6689310374507977,0.9596013763633334,-1.361961646619188
1951-08-31,1.6402445991161192,0.8317816319888907,-1.3928555902992816
1951-09-30,0.999514245873486,0.8445102652175603,-1.175291839994025
1951-10-31,-0.23766464892868722,0.8811236304324609,-1.0686140174330598
1951-11-30,-1.4077212381971085,0.6701751564977929,-0.8504379986715478
1951-12-31,-0.5503489069408823,0.7159026936502424,-0.6430578505905081
1952-01-31,-1.8780087715137186,0.5462163473643238,-0.2973362588057252
1952-02-29,-0.20057337841034883,0.5303575006584256,-0.0524062110967281
1952-03-31,0.5571308567357826,0.4421559835832597,0.19126159414036867
1952-04-30,1.4890523233062967,0.19249312324518006,0.3793229825511601
1952-05-31,1.4516486246225129,0.15250002980943667,0.5791548890240751
1952-06-30,1.8676564167054273,0.07971630023098202,0.7066063454510145
1952-07-31,1.5986488803646035,0.07293236037141321,0.7976778886072737
1952-08-31,1.046803246137478,-0.04601295450388778,0.9267684871207307
1952-09-30,1.8352481773408167,-0.18740373695370052,0.7874651433663536
1952-10-31,2.5547757388023866,-0.32112434518794697,0.6734384372249393
1952-11-30,0.7388946725460337,-0.3904294059291458,0.5681693051681694
1952-12-31,0.5927431053631816,-0.43339198478855057,0.5441733489770955
1953-01-31,-0.6185230496684111,-0.6169295215573267,0.290689159449122
1953-02-28,1.405770002389098,-0.7724389025358955,0.2047489936105547
1953-03-31,1.26910777405291,-0.7132795579425258,0.037296938243605374
1953-04-30,0.6581709449806565,-0.8232206567738839,-0.026974754761478488
1953-05-31,-1.6482132637165687,-0.8536609076408261,-0.23242448719037373
1953-06-30,-2.821146217698457,-0.9180661726088256,-0.17953442400432026
1953-07-31,-2.351382734222791,-0.9402456346333855,-0.28324415993868185
1953-08-31,-3.0897920917878228,-0.9661706784785759,-0.23970137019639895
1953-09-30,-3.1561969602855187,-0.9632187659625516,-0.07756609523140996
1953-10-31,-3.152258359893276,-1.0595806771353495,0.007297468638183917
1953-11-30,-2.9127767551387183,-1.0419088582773814,0.23025405569728538
1953-12-31,-1.9933491287001066,-1.0158348637776444,0.40900085431863
1954-01-31,-0.021044664117602307,-0.9684694284538955,0.5855071233809792
1954-02-28,-2.5697620993736745,-0.9684399228562193,0.7986174206423984
1954-03-31,-0.1353055835873177,-0.8948777804774396,0.9529352673681083
1954-04-30,-1.0346017419335771,-0.8143518790386928,1.0669887627928853
1954-05-31,0.14785415888796424,-0.7199434362671503,1.16532003703476
1954-06-30,0.42052682598589197,-0.6697497017793601,1.2356459750830266
1954-07-31,1.6863565024827425,-0.5681893998799616,1.1371128625096174
1954-08-31,1.6799759195954445,-0.5833160250611258,1.0761489838155893
1954-09-30,0.9049477023110905,-0.4064915320901643,0.9527539014052704
1954-10-31,2.0200652026902706,-0.2969213331093006,0.7794959825104923
1954-11-30,1.3017610383801137,-0.3022682435097261,0.5601957999687568
1954-12-31,1.5460474157924202,-0.06728943853198649,0.30120447426433933
1955-01-31,0.31734619050333457,-4.7739816837494066e-05,-0.0698804605526776
1955-02-28,-0.12100293264637127,0.002027846569967698,-0.3115620360979089
1955-03-31,-1.714676133569854,0.10507565410002753,-0.5418931644633368
1955-04-30,-1.3695750557410116,0.4177370180064932,-0.8611444049670155
1955-05-31,-1.2999250756322223,0.3477087561650799,-0.9431678481415938
1955-06-30,-0.172748895296027,0.4941338029024522,-1.0082191131973253
1955-07-31,-1.0485953121776084,0.6097391846415562,-1.1553619021701227
1955-08-31,-2.3569976497063196,0.6553875939407812,-1.1833030088786662
1955-09-30,-0.1396616699415596,0.7449890663199634,-1.1250335419363051
1955-10-31,0.5590981940557057,0.8143950859600589,-1.0863671704251854
1955-11-30,-0.8618670419106154,0.8643480347576532,-0.9696069052133656
1955-12-31,0.852109235510688,1.0168345491956794,-0.7224507177683888
1956-01-31,-0.5991885290746528,1.0238526522944769,-0.5972274795364282
1956-02-29,0.899670803752253,0.9384109213705912,-0.33951569400150405
1956-03-31,1.682740404836605,1.0485158219537865,-0.25163988408587673
1956-04-30,3.4423078567354937,0.9356308256356678,-0.05292528622844049
1956-05-31,1.5918957713933106,1.0057545715788556,0.06568331107002116
1956-06-30,4.055312158659907,0.9876563909135984,0.14123288297838033
1956-07-31,3.1457771728577946,0.9242491772043961,0.16482918369484567
1956-08-31,4.2090841406554365,0.9402407557637302,0.271634696562131
1956-09-30,1.9369731209795833,0.8148108186072014,0.26194584548947314
1956-10-31,3.003390434883481,0.8242311036287231,0.08970601588900202
1956-11-30,-0.034413198652108345,0.6300371181791964,0.023563748087359573
1956-12-31,0.09972333668904132,0.7818461170988344,-0.15306936901769222
1957-01-31,-1.3573447861718535,0.5402115960691525,-0.3302332800045244
1957-02-28,-0.7779020783539969,0.42386060966114864,-0.5764063441872387
1957-03-31,-1.3250773020781954,0.4341565038631375,-0.6418414774838131
1957-04-30,-2.1705857232530765,0.37822978256894785,-0.745626114325838
1957-05-31,-1.0012305595778752,0.14525589943961215,-0.7769498178068537
1957-06-30,-2.823645615493315,0.04740475141634078,-0.9472872766451361
1957-07-31,-1.911213662312258,-0.09561247991467778,-0.7218373636425841
1957-08-31,-1.8968474125273571,-0.1401149869380524,-0.6983010768878293
1957-09-30,0.04844736437658148,-0.08639034360336553,-0.5276916414924421
1957-10-31,-1.3958096242244973,-0.32863782816931464,-0.4361200737630941
1957-11-30,-1.1768979783145666,-0.4521682191307893,-0.15341470556816925
1957-12-31,0.11906417211935882,-0.48780058253339575,0.03674395914642897
1958-01-31,1.2338792959459977,-0.5845006065769903,0.3285121191718622
1958-02-28,-0.025069753555341245,-0.7386389697766246,0.7001871051261801
1958-03-31,0.48949070731316535,-0.7091850404166278,0.8280409530779531
1958-04-30,-0.020496732252977656,-0.8431125564422902,1.07430881808522
1958-05-31,1.1139480502610364,-0.8713307894055812,1.1230459603651595
1958-06-30,-0.6988837660358218,-0.9148395470515976,1.2956036052354272
1958-07-31,-1.1288763163846534,-1.0635279532708592,1.3236251170939233
1958-08-31,-0.5105664203109141,-0.9828867364443082,1.2944870591377924
1958-09-30,-0.5271661319602312,-1.0423440635280683,1.3454888398642073
1958-10-31,-1.5229541930382462,-1.0075789071461143,1.2297600957352584
1958-11-30,-2.01426009515387,-1.0788432660037564,1.0600473425465302
1958-12-31,-2.0649796534405005,-0.9440506177594974,0.8035354532129998
1959-01-31,0.08591622274476163,-0.846523757473822,0.6278767280111546
1959-02-28,-0.7761806953067902,-0.8674931898899825,0.2641850489916143
1959-03-31,-0.23839092396442285,-0.8280523776126885,0.1934610243695875
1959-04-30,-1.356632508816672,-0.7458347588499987,-0.14994894053548208
1959-05-31,-2.289738433411244,-0.7325427959575073,-0.2339523131359963
1959-06-30,-2.0592505099860166,-0.6520830805935083,-0.38794670943030846
1959-07-31,-1.3807431728034028,-0.620991000587998,-0.4196323951239463
1959-08-31,-1.8426936091012351,-0.5668573400733766,-0.5352621526026909
1959-09-30,-1.6148518351222112,-0.42543721515608074,-0.4253679155455156
1959-10-31,-1.9713785918993336,-0.206397640421144,-0.4376076069598493
1959-11-30,-1.8819645862813732,-0.23226520082961022,-0.27038029364580235
1959-12-31,-0.07887788278494445,-0.13757199252192998,-0.15360714521358582
1960-01-31,-0.49959083764505335,-0.06387827867564848,0.04912724270735755
1960-02-29,0.25208637513464033,0.08208913285328058,0.14576157697600176
1960-03-31,-1.0295640037691962,0.2082720855133898,0.29348190432948595
1960-04-30,-0.8950159515657783,0.2702335378787878,0.4109820580294671
1960-05-31,1.3386196836289348,0.3075168246297841,0.5212252722320038
1960-06-30,0.6090448111015138,0.4194512414124941,0.44628982469854767
1960-07-31,0.5393080915181709,0.5654003942544712,0.42857314943240066
1960-08-31,0.899420996582712,0.6513373889370454,0.39027381252857674
1960-09-30,1.7454512430527123,0.6640896588258098,0.27020821181853855
1960-10-31,0.7131539967933285,0.8331890539400224,0.08156088962024521
1960-11-30,1.261287782509113,0.8624797816220673,-0.14693930631205804
1960-12-31,2.1780522656307872,0.8421163062358265,-0.42228332262971807
1961-01-31,-0.06201597300105899,0.9261243729405393,-0.5548724441110047
1961-02-28,0.9907404361512613,0.9801310908927242,-0.8027446103834363
1961-03-31,1.4185082674033336,0.9503245749889917,-1.047950611032547
1961-04-30,2.331115524687408,0.9533826804658982,-1.219913626958317
1961-05-31,2.2367194946059366,1.059279742743362,-1.3136542819996853
1961-06-30,1.1432144519734657,1.0408358998430731,-1.4052836583613513
1961-07-31,0.8548636153292004,0.9092539350258864,-1.4427523854049262
1961-08-31,2.4487173128202553,0.8606793522580901,-1.293806545507402
1961-09-30,0.2506303949216735,0.847650187821375,-1.2280443608850808
1961-10-31,0.36700407517996575,0.7890820658716426,-1.0778890016887173
1961-11-30,0.9442943390868486,0.7132851634686658,-0.8420839516956793
1961-12-31,-2.5540780411816897,0.6857320706574308,-0.5257551712380223
1962-01-31,-2.1202266502210065,0.6008094824929963,-0.37323457946655664
1962-02-28,-0.5004216852646111,0.5521991020381649,-0.1818489049901663
1962-03-31,-0.12164852066197067,0.3757287535302516,0.19731792705376613
1962-04-30,0.3391643847819315,0.3036105167664678,0.4574949045096405
1962-05-31,1.2645034182463428,0.22979183963486577,0.5077300031933908
1962-06-30,1.1708944992677965,0.13235685267962322,0.7003646391010365
1962-07-31,0.5521401114321882,0.07460787016863131,0.8271742881366623
1962-08-31,1.6889782191502825,-0.12491995909643602,0.8864493429814484
1962-09-30,1.4362540578641847,-0.1539804088177012,0.7746553155796329
1962-10-31,1.9091542438990259,-0.3670232919419313,0.7829503395809436
1962-11-30,-0.17786024663014555,-0.3339875764822047,0.6254711618129569
1962-12-31,0.5751048076555765,-0.4984678635042179,0.4734879804159282
1963-01-31,-0.033101472697603995,-0.5920895824641368,0.30726973142374203
1963-02-28,0.004617750468254744,-0.6232132895244407,0.19167156215189346
1963-03-31,1.4477835167239304,-0.7940064656003983,0.06183865411600749
1963-04-30,0.2907341874240459,-0.7445498460746407,-0.12076178194790697
1963-05-31,0.014183938206165703,-0.8918576544553727,-0.21384483408370997
1963-06-30,-1.7698081559183982,-0.9491982221722371,-0.20798930838076762
1963-07-31,-2.3803388938543355,-1.0189844473577754,-0.2545407926234238
1963-08-31,-2.9063198198603044,-0.9754917828972162,-0.16006434933861582
1963-09-30,-4.020501344997776,-0.9747414608967625,-0.14661784519371343
1963-10-31,-4.052083110728363,-0.9799332560381531,0.12654325720834464
1963-11-30,-1.910871912965436,-1.0228916884544539,0.2687005346307408
1963-12-31,-4.008826661058234,-1.0241316120885287,0.3180626965968129
1964-01-31,-1.8485667411771962,-0.9453009553831637,0.5439560098253893
1964-02-29,-1.1960342243938364,-0.8727301707051943,0.8094729517323977
1964-03-31,-2.7539749867411256,-0.9698176134046765,0.9366952372440523
1964-04-30,-0.30134576954446735,-0.9233493173424778,1.0551487709766905
1964-05-31,-0.14983475571882476,-0.7754988380236612,1.1167009289666032
1964-06-30,-0.8736746836845811,-0.600147455167851,1.2042730881830315
1964-07-31,2.1848583001334916,-0.6239277739744458,1.1562426467123295
1964-08-31,0.7259124337181151,-0.43575607536166394,1.0815291474112825
1964-09-30,1.9695282941742662,-0.4819610876953916,0.9692768093425185
1964-10-31,0.7640798039339249,-0.3017789337293479,0.758690603301374
1964-11-30,1.9342207096507917,-0.26934542980357357,0.4422115503213432
1964-12-31,1.7810150033044794,-0.08727926569297326,0.2167004227462127
1965-01-31,0.21132413091993085,-0.07067671752350227,-0.08221234115991055
1965-02-28,-1.0410310183007658,0.08424601041658583,-0.27266867717919474
1965-03-31,-0.3843847313649135,0.24061825412506882,-0.5410064748126573
1965-04-30,-1.2844722428970423,0.28692932471812427,-0.7839041774934563
1965-05-31,-0.8457613438739573,0.4054248818674975,-0.9390715259120868
1965-06-30,-2.0075525468933586,0.5674615719448681,-1.1394418476624075
1965-07-31,-0.32778477041755993,0.6185665936662992,-1.082925418315723
1965-08-31,-0.8320311145717947,0.6313447702390398,-1.203467588835171
1965-09-30,-0.38975434378973023,0.7778613055365623,-1.1076745052980397
1965-10-31,0.46768523989034283,0.8404131822354428,-1.0460275317228769
1965-11-30,-0.6049731135337026,0.8962898215224069,-0.9376655734497485
1965-12-31,-0.57569013692549,0.9850017771819841,-0.7883621372254805
1966-01-31,1.483165480424401,0.9388042186816288,-0.5562761411897373
1966-02-28,1.4993283015783772,0.987775177027087,-0.4824271497810172
1966-03-31,2.6108653459189677,1.0109330302092998,-0.17953643889821885
1966-04-30,2.8758767921969794,0.896792544778961,-0.028532763652035904
1966-05-31,2.592884963350501,0.9732027675820609,0.16526896517984824
1966-06-30,2.62057797889643,1.0082641976669833,0.1856265130521896
1966-07-31,3.3625321276186013,0.967099207022541,0.18934696672304033
1966-08-31,2.4719034200604613,0.921561376370858,0.20482379778665988
1966-09-30,2.9118122254613037,0.852421594161024,0.1577561450727482
1966-10-31,2.281713935459802,0.8577299517537007,0.12689720935625307
1966-11-30,2.1808676387366184,0.7958450746036763,-0.10704955768153376
1966-12-31,1.969904560923384,0.6168335184170392,-0.1968230432058651
1967-01-31,-1.4526831111367413,0.6409802652455354,-0.31499807412977593
1967-02-28,-0.8032061269988847,0.44174157393601365,-0.5377220056862972
1967-03-31,0.175504200082774,0.40225344254772355,-0.7031210459919854
1967-04-30,-0.045287269057844304,0.34893466737381995,-0.8155137457790971
1967-05-31,-2.1718385452422604,0.2833935610188495,-0.8195700261059543
1967-06-30,-1.7081187506476563,0.15052148449079328,-0.7254095888512176
1967-07-31,-2.8794554700498236,0.055645256804477156,-0.7063524717710332
1967-08-31,-1.3226493932757433,-0.12792290713907567,-0.6990774959382027
1967-09-30,-1.6738060203870562,-0.20851979645448251,-0.4912346822525575
1967-10-31,-1.1648548217155539,-0.31336911725161215,-0.3377815596680259
1967-11-30,-1.3191531640941996,-0.4282072140967726,-0.1131832386816076
1967-12-31,0.5302614304924245,-0.4653787468417406,0.13659118678704335
1968-01-31,0.5850580963341363,-0.6019826338803334,0.35258200623103336
1968-02-29,0.9506320493299296,-0.6084584433721617,0.6519485936188292
1968-03-31,2.272528061601042,-0.6970780852519713,0.8565235675437327
1968-04-30,0.19277692815027986,-0.8659093540129424,1.0737198574307503
1968-05-31,-0.6242592648603819,-0.8759147044982487,1.1841785706792067
1968-06-30,-0.8208151000500027,-0.9461249475412109,1.3052862052424028
1968-07-31,-0.5662226656261145,-0.9581788685327184,1.4236847044561127
1968-08-31,-1.8787173250657998,-0.9492459055100235,1.3061298620292658
1968-09-30,-2.0380367332026132,-1.0283852931579998,1.2087524190413799
1968-10-31,-1.790887331706412,-0.9939388504914358,1.1194945246887014
1968-11-30,-1.0769465987436924,-0.98877770690666,0.9465487541570405
1968-12-31,-1.919060566736437,-1.0004537218718355,0.7737597160516162
1969-01-31,-1.397257404680681,-1.0110184942103126,0.5187719075370743
1969-02-28,-1.0535476455550745,-0.9043374170016923,0.39049728659810634
1969-03-31,-1.8378265094184634,-0.8906190667197232,0.05737438650819282
1969-04-30,-2.1362360473754958,-0.8749114175755932,-0.06530606878491588
1969-05-31,-2.0527803825050035,-0.6985531373881765,-0.2437485261785983
1969-06-30,-1.7095542332208442,-0.7133257808695798,-0.386994884612796
1969-07-31,-1.5906875969973178,-0.5321657335970064,-0.43580878120959887
1969-08-31,-2.0834084471367125,-0.48840152283480737,-0.47240823687736505
1969-09-30,-0.9593364184998475,-0.4688500561444713,-0.43064328363926324
1969-10-31,-0.40288144610917087,-0.27214077822527544,-0.3943380553547461
1969-11-30,-1.1653907665288357,-0.18709941384513148,-0.37618770111891875
1969-12-31,-0.2805104212370334,-0.0470499459721689,-0.19603956160653624
1970-01-31,-0.24134244262091767,0.034241299663690446,0.07967388623818054
1970-02-28,-1.3260718171858827,0.05435389529950278,0.20365294735965306
1970-03-31,1.2419056084672238,0.07849645520829307,0.3353055022091258
1970-04-30,1.6623751624490122,0.26416812306522347,0.32685174673043954
1970-05-31,0.669121124070025,0.4119250659315281,0.3810848615958444
1970-06-30,0.7820269824276396,0.4324318275540199,0.42468247429757033
1970-07-31,1.673314991292104,0.6661982778251054,0.46676142351446137
1970-08-31,1.0272513134143,0.6866762929806943,0.2976202496730429
1970-09-30,0.49296905279445435,0.7813576323047695,0.2792674365483448
1970-10-31,2.2138764477884134,0.9155716799093067,0.09284883938048279
1970-11-30,1.2672976178651116,0.811628363237661,-0.15217223716731432
1970-12-31,1.3141297482629408,1.0206132535094692,-0.37147659453361487
1971-01-31,0.4370429238312128,0.9431868272573076,-0.5936427288007482
1971-02-28,0.20108632675879046,0.9718847992861679,-0.8721959356613701
1971-03-31,1.9001031799739925,1.0081505701873579,-0.9503223576829528
1971-04-30,1.5013177640460813,0.9809840900802997,-1.2405162522055164
1971-05-31,2.2071211107373614,0.9941398918709646,-1.2015443791636193
1971-06-30,1.9426526454725528,0.9769740727485932,-1.443970370962113
1971-07-31,1.1516152526285979,0.985397459186967,-1.3752142681083015
1971-08-31,1.3371475109012088,1.0009156606038576,-1.3649047319066272
1971-09-30,0.4473780647802724,0.8116723482715466,-1.182015453047916
1971-10-31,0.3139637609648222,0.7595277036709438,-1.071053631320414
1971-11-30,-0.4399234128840886,0.7581768633008119,-0.8306144850675615
1971-12-31,-1.4709128003084952,0.6544975262003855,-0.6147291884417506
1972-01-31,-1.714801920698045,0.552212828037363,-0.41889488843281886
1972-02-29,-0.38868007641518,0.504263462242087,-0.08402543890544024
1972-03-31,-1.048278628551602,0.40303799971064913,0.10597952677819966
1972-04-30,0.03000490975543202,0.3684693049062975,0.3396276645452779
1972-05-31,0.9613254527422264,0.19546135634404221,0.6107033968831836
1972-06-30,1.0372654105347585,0.09523817618587807,0.648300790174863
1972-07-31,2.7019728598314448,0.027745185430141192,0.8241194869652548
1972-08-31,1.0576209612437921,-0.15207120007383573,0.8020059543842356
1972-09-30,2.052455415205266,-0.2997465371148897,0.8024898323791053
1972-10-31,0.9490146930695995,-0.29767988508504956,0.697265178963953
1972-11-30,1.22540195016064,-0.4558815275796519,0.6208187576585908
1972-12-31,2.424595865810141,-0.5681494469784798,0.47214199141872465
1973-01-31,1.623857613927666,-0.5575266459472374,0.4014038831137829
1973-02-28,0.7832821817956377,-0.640174021686508,0.17643786921905857
1973-03-31,-0.8988346165696803,-0.6632993447423181,0.04238515735352564
1973-04-30,-0.5546125680222729,-0.8129764128384348,-0.1384802633845635
1973-05-31,-1.923068340753375,-0.7935494441500052,-0.10222980190788024
1973-06-30,-3.094658511873188,-0.8187368861613886,-0.22920232215463696
1973-07-31,-2.881840658606197,-0.9839769913000076,-0.21728974436967094
1973-08-31,-4.179355531707077,-0.9200908226082279,-0.19088361365155274
1973-09-30,-3.575427061023861,-0.9934955464860196,-0.11982696158993258
1973-10-31,-4.134272587195326,-1.0103901988873027,0.006831729027002301
1973-11-30,-2.2258525986614126,-0.9309236054638894,0.272651241985551
1973-12-31,-1.5708488111428962,-0.9667848656081186,0.35792484780025596
1974-01-31,0.11332472129659177,-0.9399212937978639,0.5803455599163554
1974-02-28,-0.1071059804842196,-0.923623180883837,0.740447840767982
1974-03-31,-1.5832755982695323,-0.8555834179033669,0.9322767808465661
1974-04-30,-1.1397450177674477,-0.8167326139562902,1.022293759666541
1974-05-31,-0.7699893946499332,-0.7238456747927978,1.0433325442624075
1974-06-30,-0.24268616146811406,-0.6648923271530991,1.2460806102380482
1974-07-31,-0.4821430768635523,-0.6016133631522377,1.1320723794922525
1974-08-31,0.646730065766328,-0.46359114838791426,1.0573927247896018
1974-09-30,1.1466783124341622,-0.39623293206424415,0.9089173436111485
1974-10-31,3.2326325017683373,-0.23586485711894195,0.7873986189764122
1974-11-30,2.2860057542068866,-0.2726348327107084,0.4692479269579305
1974-12-31,2.6484239544332224,-0.08521989929764218,0.23477637197015436
1975-01-31,0.9942783047831144,0.05846493497496982,0.03151139930412489
1975-02-28,0.7755719907154104,0.08930485031928614,-0.2780664222022088
1975-03-31,-1.8932590092788641,0.13058974229417103,-0.5422566623788021
1975-04-30,-0.41811585064496903,0.36736522553055795,-0.8067175376349183
1975-05-31,-1.3168110857476143,0.44656658224895196,-0.9756407437475161
1975-06-30,-1.8318741291553258,0.518260170751429,-1.0307300756077917
1975-07-31,-0.6911248477558278,0.514109996882616,-1.0933546172695603
1975-08-31,-0.7082599920166484,0.6039962957304883,-1.2716166975843384
1975-09-30,-0.1897298614211036,0.728161765672771,-1.0337691997160081
1975-10-31,0.4200263626679849,0.8079433318445359,-0.9848508565266128
1975-11-30,1.3725945469375014,0.8638653407476964,-0.9151889034507321
1975-12-31,-0.11952069869272508,0.9040560434847634,-0.8308539596204438
1976-01-31,-0.24770743155599928,0.9715201379782551,-0.5816896365798206
1976-02-29,-0.19933631619450476,0.9928581233371866,-0.45958813764446976
1976-03-31,2.060318022242167,1.106773089414724,-0.19916235785520123
1976-04-30,1.7679202363354274,1.0444040637415914,0.0016420123475164514
1976-05-31,3.07364454095526,0.9502822378075977,0.09547356048012215
1976-06-30,4.301543419488391,1.0909251438175414,0.21131854404635736
1976-07-31,2.6986816317557927,0.9486566925635259,0.231652016523827
1976-08-31,3.6708236977771125,0.9244730790450723,0.21297002597905482
1976-09-30,2.418217411606346,0.9429699096419315,0.17962519608313815
1976-10-31,1.530601133424252,0.784989148082982,0.03593513634419084
1976-11-30,1.5748492877049793,0.7182108618396847,-0.05654115111111858
1976-12-31,1.554343724283244,0.6623411591912606,-0.23604091575857108
1977-01-31,-1.4398952975989832,0.6042104026274299,-0.2676998051652018
1977-02-28,-1.8661524353100059,0.49517824737232885,-0.5328234079009045
1977-03-31,-1.6959072510711626,0.35887895070258446,-0.5960412438853212
1977-04-30,-0.5316587624695642,0.34260782244343185,-0.7640784771934704
1977-05-31,-1.404322120717011,0.1584596043242348,-0.8374261606153961
1977-06-30,-0.7437631057926627,0.12104636299344762,-0.7915550109285642
1977-07-31,-0.7178994670877444,-0.016312461702473816,-0.7194721950437424
1977-08-31,-2.8079525578686857,-0.13527360260205787,-0.8364021909410355
1977-09-30,-1.334573364679157,-0.1709193628721851,-0.5091724340551502
1977-10-31,-1.0252620815091118,-0.2519019065044311,-0.3434677225091528
1977-11-30,-2.2505339605297427,-0.483768240200833,-0.13263230636133394
1977-12-31,-0.6988678366770984,-0.5984194111984904,0.027988692047326763
1978-01-31,0.5913679440964132,-0.5703061829984951,0.38251622748532194
1978-02-28,0.829519704477532,-0.6673935700681247,0.6480321801317506
1978-03-31,0.6789863627277878,-0.7054247842104746,0.8048973719935416
1978-04-30,1.7036237057868233,-0.7568383921129035,1.0166333047152027
1978-05-31,0.8974342305528181,-0.7719160339128122,1.2899545263843093
1978-06-30,0.6737145099151275,-0.8967063344373314,1.419390574729119
1978-07-31,-0.3003489539796519,-0.9858400016633484,1.3612031484448384
1978-08-31,-0.02578179785026613,-0.9172186886777902,1.376837550948179
1978-09-30,-0.8138374419948755,-1.0361914678477575,1.2433668811909084
1978-10-31,-1.2814161487953883,-0.8976355731696779,1.1081016443733351
1978-11-30,-1.3075977456078711,-1.082357731375128,0.9691646894594454
1978-12-31,-0.9421300246150642,-0.978522915851829,0.738317496051427
1979-01-31,-2.133583852656583,-0.9548422163072413,0.6002102463908485
1979-02-28,-1.7992604828575187,-0.8789886937596195,0.3816218679038804
1979-03-31,-0.9973556287568551,-0.8576152083195631,0.13165668044843512
1979-04-30,-1.4040274373624075,-0.7145575345615998,-0.16432194917360315
1979-05-31,-1.724239100087507,-0.7200007575944429,-0.2514401871772719
1979-06-30,-0.14535984887870845,-0.5707024322458011,-0.3798771252436158
1979-07-31,-1.7652721082473584,-0.5410061109187531,-0.5115957871185851
1979-08-31,-1.4665720556036599,-0.4920310391951441,-0.4896638067034795
1979-09-30,-0.8236862724613511,-0.4756427054513358,-0.4158343867878553
1979-10-31,-2.2076357302411544,-0.27951786593896905,-0.39633656851153193
1979-11-30,-0.6922115263315254,-0.17440196982698372,-0.2278733471980125
1979-12-31,-0.5631045811905437,0.007481761653604632,-0.15034990801846917
1980-01-31,-1.7159711234178716,0.06485041413679173,-0.04105441381292691
1980-02-29,1.45501967805558,0.09086100534640768,0.17751752600576443
1980-03-31,0.2862778593850275,0.15349587333697162,0.29820687776294624
1980-04-30,1.3900709289907347,0.3979375109286109,0.45406817483507184
1980-05-31,2.7996738749118215,0.3660932312704417,0.5482009005968612
1980-06-30,2.2278086321387005,0.4706408104014155,0.5145148867595409
1980-07-31,0.7374633152363667,0.6908301910877105,0.4805373011039432
1980-08-31,2.0234695809771557,0.626933920783765,0.3915437555546322
1980-09-30,1.3623574610529585,0.7198965657202021,0.2877598929695297
1980-10-31,2.4897710900620877,0.7823916849529426,0.14033882624123312
1980-11-30,1.2287396307622966,0.9232729043318435,-0.13187097421555388
1980-12-31,1.8955551006537292,0.9341120534819376,-0.36471346367801105
1981-01-31,1.2721285597661973,0.9338054182799072,-0.6043935961669394
1981-02-28,1.0917331528308836,0.8773162952243919,-0.7838327298414736
1981-03-31,1.4252143404970428,1.0289633856707088,-1.0401001595856316
1981-04-30,1.063094326566298,0.9928965533029881,-1.2604196499156168
1981-05-31,1.7344489541078374,1.0156991995111713,-1.3591464534531381
1981-06-30,2.4321593380907838,1.106304834177797,-1.3548619971351723
1981-07-31,3.489184211437709,0.9108888330106795,-1.288317939866447
1981-08-31,2.8307845053967684,0.7911787085349911,-1.3152277307652172
1981-09-30,0.5070783002720612,0.8318496233487117,-1.2190947133987122
1981-10-31,-1.2276318965181403,0.7505647818225193,-1.0802755790541918
1981-11-30,-1.1988771669946132,0.6928136022445466,-0.8506557988917032
1981-12-31,-0.2328268322983963,0.6122113713180101,-0.6072969757260677
1982-01-31,-1.2649941144019201,0.5462868414696351,-0.3087210819043667
1982-02-28,-0.36060609963423784,0.49457155862656066,-0.173286782732693
1982-03-31,0.217057258291125,0.44936443647946755,0.15263176223342326
1982-04-30,0.8068029033343393,0.4255326353307239,0.3675107398673656
1982-05-31,-0.02719228325398637,0.1754852699614476,0.5482348000647487
1982-06-30,0.6969302656885112,0.10503915010970434,0.715752936512292
1982-07-31,2.106822152040824,0.09337161471000624,0.7597025522101003
1982-08-31,1.5598805260009958,-0.14631215673979686,0.8115901234478696
1982-09-30,1.8916342174945344,-0.28162066746409276,0.8731161454179146
1982-10-31,1.0290979245876015,-0.2879603687012083,0.710848199429134
1982-11-30,0.7025951600626879,-0.4664653370952055,0.6206892630008588
1982-12-31,0.5772205245675996,-0.5382042599822301,0.4676740051449435
1983-01-31,2.1209912508635984,-0.6223832661351134,0.4014013571110462
1983-02-28,-0.1208883323338239,-0.7283368080716757,0.11697067908765654
1983-03-31,-0.14876339381456838,-0.7793247525511673,0.0654832829084892
1983-04-30,0.2274202268493094,-0.8542771048815705,-0.06623033340437083
1983-05-31,-2.2757881906005353,-0.8230274921294645,-0.12830729435790045
1983-06-30,-1.9083445065437425,-0.8767241006887956,-0.34717945713646686
1983-07-31,-1.2966247470239765,-0.8573904034648134,-0.17124613411959727
1983-08-31,-2.7731573839182584,-0.9736420529368809,-0.17704770087274072
1983-09-30,-2.332452682993206,-1.0088556177048384,-0.0618875615288473
1983-10-31,-3.555608739196148,-1.03170471852833,-0.0033881001300226296
1983-11-30,-3.281682156718849,-0.8685707018837536,0.22402873748375146
1983-12-31,-3.2472296093328237,-1.0223539720412669,0.34965859561584006
1984-01-31,-1.6371764339409127,-1.035389290114958,0.5693749867573586
1984-02-29,-1.7264872166644016,-1.008654184975872,0.7293801465028166
1984-03-31,-0.23409038633808488,-0.7917471384612301,0.892298655920606
1984-04-30,0.27065831319881706,-0.7548018660628364,0.9720795717876042
1984-05-31,-0.7286738728685057,-0.7252146046270848,1.103355184907703
1984-06-30,0.45058336372744373,-0.6116160645173144,1.2118401870187763
1984-07-31,2.2017936175327018,-0.6574836332889554,1.1236958339183563
1984-08-31,2.3537820762340536,-0.5212294558012122,1.0854725362613482
1984-09-30,1.7025842590824682,-0.4501998083439581,1.0088710697927632
1984-10-31,0.14935478162310933,-0.3296866946334118,0.695148617448994
1984-11-30,1.1173842746409433,-0.22544625607724741,0.4806296195816552
1984-12-31,2.0019865232877407,-0.08344599053105327,0.2860753557026927
1985-01-31,0.5430279430181388,0.03534534248581542,0.032421305765115975
1985-02-28,-0.501363239216536,0.12678065520306991,-0.3106635242940103
1985-03-31,-1.7915935414394544,0.21817760879311077,-0.48459713147344313
1985-04-30,-2.800271335707996,0.3405623508955802,-0.7727797762205367
1985-05-31,-1.338159970218507,0.4676529652807621,-0.9049222348684923
1985-06-30,-0.9279354806160776,0.4519374125981885,-1.110015355718052
1985-07-31,-0.606018457157362,0.5644421623094866,-1.2455950771582482
1985-08-31,-2.3699444479847065,0.6146875004097783,-1.2937857793812884
1985-09-30,-1.6802271461570684,0.7163848558628797,-1.153546970243259
1985-10-31,-1.1271890762148895,0.8346222232828904,-1.0896563786882605
1985-11-30,1.5988120532614698,0.8864045300216798,-0.7925522575848283
1985-12-31,0.01421402840578967,0.939730645624551,-0.7173798244082684
1986-01-31,1.31780644057786,0.9443191259963423,-0.5358556977417748
1986-02-28,0.054010521248661014,1.0260553348560126,-0.28909207095397854
1986-03-31,1.8468891423292773,0.9928933025406566,-0.14599783162721433
1986-04-30,3.665098623116494,0.9529499169088644,-0.021765820442031632
1986-05-31,2.0224989759729475,0.8787497242098108,0.0732456770523066
1986-06-30,2.5218851188648626,0.9314773407113989,0.22448898042437718
1986-07-31,2.7430949545691865,0.9643317188594845,0.23246857526395243
1986-08-31,3.058590281311188,0.916639361260664,0.21377834343291185
1986-09-30,3.0192592453627096,0.903842032828101,0.18127175047936728
1986-10-31,1.2168550083419323,0.7690455251400605,0.11263520386824526
1986-11-30,1.036943796878607,0.7659467604815511,-0.06271900144971126
1986-12-31,1.5876740479700318,0.6269017480929318,-0.16574837179021812
1987-01-31,0.2806936759873448,0.5095112862730756,-0.38454268007630193
1987-02-28,-1.1986464723682495,0.4871483780813006,-0.4732559333058099
1987-03-31,-0.27023930455549194,0.4274688092885796,-0.7588575283576448
1987-04-30,-1.8853532209621076,0.3583508422853169,-0.8346517440293614
1987-05-31,-1.684114249869029,0.2513444332478151,-0.8408827266531508
1987-06-30,-0.7428228981728443,-0.029309563233055932,-0.8869834889501655
1987-07-31,-1.2766406279112803,0.01311510472340591,-0.818026371447794
1987-08-31,-2.9136905581490478,-0.17111643545357472,-0.7141857207193834
1987-09-30,-0.35578677108537105,-0.2497995121968157,-0.5599123791586014
1987-10-31,-0.35964018975554746,-0.3012769424314167,-0.35310185724338944
1987-11-30,-0.7936165621687945,-0.38166652535597806,-0.09824948310349998
1987-12-31,-1.202387534963676,-0.441710257759513,0.08929623055672961
1988-01-31,0.018950569706925796,-0.5997742302254809,0.3210073668531424
1988-02-29,1.5805952956613005,-0.5910752039305927,0.6682925730819599
1988-03-31,1.668029331621936,-0.8150821194127565,0.8678947160534206
1988-04-30,0.5844569929376402,-0.7777410036059995,1.0917467822682472
1988-05-31,0.5204665148009977,-0.8971870365565587,1.2409506141541065
1988-06-30,-1.2096096436044248,-0.8462162083817061,1.4304963196658171
1988-07-31,-0.36957168406447954,-0.9865292779073621,1.385032286862115
1988-08-31,-1.3393970292533328,-1.0011116533430318,1.3722107312829575
1988-09-30,-2.4060021828142393,-0.9430247414336186,1.266243176035044
1988-10-31,-0.6058593664342127,-1.0519161865500426,1.1639858638612022
1988-11-30,-2.172021709489521,-1.016126860083563,1.0359248142680626
1988-12-31,-0.4778276778321362,-1.0123311356000742,0.654856262658778
1989-01-31,-2.83066968683155,-0.8545865452606836,0.7316196623094757
1989-02-28,0.11632892301255793,-0.8501201009758449,0.3189489007731168
1989-03-31,-1.4805220413517064,-0.8862445250087667,0.07030875156654304
1989-04-30,-1.8113126398339072,-0.7418499290715643,-0.1131332832383859
1989-05-31,-1.7150890540923573,-0.6802894495363551,-0.26179006649667375
1989-06-30,-0.2492166916374372,-0.6669742763739225,-0.38008295712904516
1989-07-31,-0.14330120501672883,-0.5485131718656342,-0.46977982195371454
1989-08-31,-1.172963709769141,-0.4990066121286603,-0.4171244227032222
1989-09-30,-1.6207404712697893,-0.43729541959277723,-0.3304060516879361
1989-10-31,-0.43177851691941793,-0.33547396808843255,-0.39649174419956146
1989-11-30,-2.808710057436369,-0.26192944779708316,-0.3380434943858019
1989-12-31,-1.7493748810993581,-0.13642334725869035,-0.1073875658111518
1990-01-31,0.12243540120519614,0.00798684040857451,0.009813640879306397
1990-02-28,0.20857558288178996,0.08552148298972909,0.11440579687643186
1990-03-31,-0.16366766556692258,0.19343749773062016,0.29041514985778566
1990-04-30,1.1120911961827067,0.3166382772188002,0.38785370173435113
1990-05-31,0.006799963005636789,0.4038488846751926,0.40382165414330634
1990-06-30,2.09052325929896,0.5376565628928126,0.4019151161150761
1990-07-31,1.9635675516890243,0.573957486720134,0.5593592546225405
1990-08-31,1.9171436603173588,0.6866538812863342,0.3199005566965476
1990-09-30,1.6675657338551562,0.7776197135547516,0.2675127558425628
1990-10-31,1.1360319370304042,0.8603950231714024,0.0445553901416681
1990-11-30,0.16200685966944062,0.7827249621737542,-0.05059393549369967
1990-12-31,0.547238708338766,0.9317434597648605,-0.38808378299792173
1991-01-31,2.528604035449604,0.869851589306661,-0.6005780651725148
1991-02-28,1.5694391902509395,0.9506870292595118,-0.8505318166254646
1991-03-31,0.7861049771932984,0.9926915731435686,-0.9721175136900232
1991-04-30,1.5814130716943833,1.0445607354040898,-1.1489590817951663
1991-05-31,2.2075315662676926,1.0337220351323015,-1.3754492430281624
1991-06-30,1.5168572015286725,0.940906599196149,-1.3346899233889689
1991-07-31,1.4367725137189158,0.9981254554614852,-1.4001484782631435
1991-08-31,-0.5294596151369777,0.9654223806034774,-1.3466346208175901
1991-09-30,0.6147219140255623,0.899211153994858,-1.1746109258605648
1991-10-31,0.4179936463384162,0.8189248491175936,-1.0720196653224667
1991-11-30,0.21926280589377678,0.7056435269516681,-0.805174985104862
1991-12-31,0.0634187623066309,0.7331974313416294,-0.5971191618097914
1992-01-31,-1.5207756416384193,0.4932613668714508,-0.257732645491536
1992-02-29,-1.015615165007684,0.5025164342500753,-0.08626001769758507
1992-03-31,-1.140037991772325,0.3845687094065034,0.12006269089260288
1992-04-30,0.5369749050978323,0.35239517263570785,0.415636001319323
1992-05-31,0.540083786298551,0.3310341764016659,0.6144901486129217
1992-06-30,2.0478121355337144,0.10773365522843446,0.6437805045635411
1992-07-31,0.5669346736617832,-0.07243724362420971,0.7406798262140082
1992-08-31,2.017762487949069,-0.058755834798512555,0.8254773224937059
1992-09-30,-0.30686520348490354,-0.26055444714940723,0.7973850407273946
1992-10-31,0.9412804795100156,-0.3325771791253422,0.7538317791358107
1992-11-30,0.6401749294295498,-0.3587265105094619,0.6730199482181659
1992-12-31,0.16653694852067646,-0.5786380659941334,0.5374412987230084
1993-01-31,2.3068923593291304,-0.5816580939369094,0.3933243858651565
1993-02-28,1.2415681559921592,-0.6779318688460183,0.17397611992717793
1993-03-31,0.3340443151656056,-0.7772052691975377,0.007901723422908666
1993-04-30,-1.6250309505727918,-0.7318477565990545,-0.20794274226100062
1993-05-31,-0.9635188924945166,-0.8711667566791315,-0.20879413109325107
1993-06-30,-1.977622056805834,-0.9109702809340102,-0.1596936913244468
1993-07-31,-1.1901821500690344,-1.0583206923885167,-0.23002868479516125
1993-08-31,-3.306368910467386,-0.9696107480322325,-0.2086601109537288
1993-09-30,-2.234620451387272,-1.0417397904007692,-0.07074373677682456
1993-10-31,-3.1374165564749505,-1.0568451446901541,0.04855307720474332
1993-11-30,-2.612260618711848,-1.0392094408673749,0.1989286916135577
1993-12-31,-1.6164998678358673,-1.0420416954873428,0.4023117738957142
1994-01-31,-2.403478990160363,-1.0408974760328744,0.6162868446585151
1994-02-28,-2.449086472893735,-0.9554715278407977,0.7952498288041283
1994-03-31,-0.3093562718547335,-0.8412002979911012,0.9266109673757684
1994-04-30,0.7158290538082297,-0.8117228455241214,1.071908581909559
1994-05-31,-0.8598811932143859,-0.7291697506020719,1.1273838868047426
1994-06-30,1.0662158620726603,-0.582605513249602,1.1389304789443144
1994-07-31,0.9686252627956703,-0.6374301711149042,1.2154639462465113
1994-08-31,2.5741749886757836,-0.4898447155026876,1.0852807917153902
1994-09-30,1.9423572500916977,-0.5292219793563475,0.944114467940775
1994-10-31,-0.4570044652842715,-0.2324286232859315,0.7374155010101306
1994-11-30,2.0536355948080693,-0.18479512346928448,0.3919244137010306
1994-12-31,1.338366986686428,-0.1309971806958561,0.18180138863207346
1995-01-31,0.5550293323246411,0.013233280500727872,0.07689186899910062
1995-02-28,0.3281880270519379,0.03062834840089422,-0.2773286497958749
1995-03-31,-1.039872950156274,0.2133368383532971,-0.5183728954752305
1995-04-30,-1.5482767185434216,0.3393613376637877,-0.719629134558601
1995-05-31,-1.9842727290623126,0.4042802854531898,-0.8970231444759987
1995-06-30,-2.537512845174815,0.48223805879544845,-1.145909046793034
1995-07-31,0.31378847120517706,0.48956244255834946,-1.1723019609345382
1995-08-31,-0.5676070070279986,0.6568355322216503,-1.1989315928349664
1995-09-30,-1.170610234806676,0.7767104808652944,-1.1700749269521604
1995-10-31,-0.5326025070450917,0.7222408867216153,-1.1180188614662572
1995-11-30,0.36414441329595615,0.8449202891569572,-0.8875029106751183
1995-12-31,0.7876443159885212,0.9362458616824509,-0.5987650990592495
1996-01-31,2.838617509086629,1.0195829753397692,-0.5762299361119736
1996-02-29,0.43178152779714063,1.0240308004274892,-0.3087246774535366
1996-03-31,2.408094420957918,1.0381578576938804,-0.16219393390545994
1996-04-30,2.958468691064927,1.0249031865450158,-0.0067212288535537235
1996-05-31,1.9494898008860924,1.078987254221178,0.08095478094506962
1996-06-30,2.4848680489456783,0.9470421304276376,0.16489431597654503
1996-07-31,2.402874893140088,0.9581472021332555,0.20520294776229914
1996-08-31,3.9813436771250776,0.8678963246202311,0.20389346875943729
1996-09-30,2.219051078776064,0.8621241210475143,0.14542689263167513
1996-10-31,1.906505109413103,0.7910692965660782,0.10483228773365108
1996-11-30,0.6654631139061784,0.6772268795103429,0.03726902150431288
1996-12-31,0.5541250913428388,0.6614943690308319,-0.23676860672364836
1997-01-31,0.9064021738866221,0.5539573698072278,-0.33523908520748164
1997-02-28,-0.3041481229743257,0.4832616212195579,-0.4933355216451313
1997-03-31,-0.6089122102485384,0.2990143789339993,-0.6528335790194302
1997-04-30,-1.0980694211559872,0.3680232282149418,-0.864002050112995
1997-05-31,-1.1012853637000344,0.18581772984731135,-0.791005625466974
1997-06-30,-0.7251558181486872,0.1134788467373381,-0.7069633532952603
1997-07-31,0.16026738230045412,0.10715638090038623,-0.779266227523213
1997-08-31,-1.8584657465986294,-0.10518793181155732,-0.7516086683840255
1997-09-30,-1.92927253159802,-0.20951181382697423,-0.6729997774250742
1997-10-31,0.28468838959193943,-0.31163993190726835,-0.39067488611984197
1997-11-30,-1.1602437741338896,-0.41387420110635137,-0.24663645828328984
1997-12-31,0.7286777405919618,-0.5314316009897672,0.14432918552249388
1998-01-31,-0.20238306455087068,-0.5466678333988388,0.3377579036362331
1998-02-28,0.3141301406329299,-0.7035289197228565,0.5597501104403152
1998-03-31,1.417381701565712,-0.7794565799295478,0.7776499295999442
1998-04-30,-0.8537042329969101,-0.8108617028373739,1.0915766777340015
1998-05-31,0.9638427806460103,-0.9348919037713344,1.190794050145102
1998-06-30,-0.4882752076310025,-0.8586842759716208,1.2626624208968449
1998-07-31,-0.4206915104629528,-0.9376796885364516,1.3598256990710176
1998-08-31,-0.08017249256098746,-1.0013849045616543,1.3769386215590416
1998-09-30,-2.5467750207711797,-1.0439458088980222,1.27531816159108
1998-10-31,-1.6245483762913402,-0.9720353955567687,1.13712227648335
1998-11-30,-3.0730330247484616,-0.9767567056603182,1.0103669574814869
1998-12-31,-2.7257729307970386,-1.0189502709303082,0.823695641411093
1999-01-31,0.027938543113794845,-0.855972292981903,0.5893058554072274
1999-02-28,-0.030662297204540057,-0.8798552256090882,0.3887594327557513
1999-03-31,-1.4100275149347938,-0.8588915457584836,0.04548678233517106
1999-04-30,-1.854402761112456,-0.940237897719377,-0.06534877114407124
1999-05-31,-2.66859581748092,-0.692174612121287,-0.29825261622311233
1999-06-30,-2.732203873793651,-0.7259482640909874,-0.4396574746061337
1999-07-31,-1.0904770274448423,-0.6726402146343571,-0.4289114922018194
1999-08-31,-1.781749608312361,-0.416666507461875,-0.4591928770952005
1999-09-30,-0.9386552364417304,-0.43391950394148904,-0.44837908153871164
1999-10-31,-2.1587071328754934,-0.30383982466530296,-0.38290807296797597
1999-11-30,-0.3495734509737587,-0.2541398915357618,-0.3358326036246478
1999-12-31,-1.3736756854394585,-0.049742027541948106,-0.08047340171055953
2000-01-31,-0.39625741736192044,0.07459872678027792,-0.036111904725032416
2000-02-29,1.7978161808862823,0.1220969074150681,0.2042051409960815
2000-03-31,0.42304121726492877,0.07623260876032359,0.2980376459751837
2000-04-30,0.6640733262803485,0.4043269333711595,0.3114080971308596
2000-05-31,-0.37847821912018076,0.4122627279019455,0.46013501241666216
2000-06-30,0.3279221440579587,0.46004510078909644,0.46696022572461804
2000-07-31,1.3940094893739652,0.5425115487780667,0.4543383070950708
2000-08-31,1.0266895297527157,0.6712252248628783,0.4063881953406194
2000-09-30,2.548476633912214,0.7609675727143772,0.21430838109921108
2000-10-31,1.903087215592151,0.7804847806073529,0.02427957646493277
2000-11-30,0.6123331632216896,0.8579736628454855,-0.13497533732562614
2000-12-31,0.7249709182100971,0.9373611089682662,-0.3350029369910913
2001-01-31,1.3125135521889377,0.9425492987681212,-0.5610463854185224
2001-02-28,1.325544998942477,1.060981725342478,-0.7666043990099219
2001-03-31,1.0755791304545952,1.033443033559002,-1.032351193199329
2001-04-30,1.6197723413478975,1.0141344085334911,-1.1764138884128048
2001-05-31,1.3813188822067552,0.9700266758891865,-1.1998563913080116
2001-06-30,1.1298691444369062,0.9992294014712694,-1.4605102880569325
2001-07-31,1.4330169006252076,0.9371153389681048,-1.3311506114800353
2001-08-31,1.4702094478966081,0.9817416633570214,-1.3133149032043376
2001-09-30,0.495640858971238,0.8625031786645727,-1.1490480369979015
2001-10-31,0.2950435504230881,0.8285122508933622,-1.043723559063866
2001-11-30,-1.3727299574727712,0.6793406167462233,-0.8287284885174397
2001-12-31,-2.8241146960573618,0.6388070696931742,-0.6367595078340839
2002-01-31,0.47492539597920636,0.4916413312619637,-0.3299602341206155
2002-02-28,-1.3171520620212365,0.4675611516875709,-0.09907772904896117
2002-03-31,1.0103753668754318,0.4308026247137785,0.23803423898752687
2002-04-30,0.9997125567757634,0.2624916159152581,0.34306855107215983
2002-05-31,1.373764154054876,0.18124805246216444,0.5946544367250755
2002-06-30,0.4810526485216129,0.104929318483641,0.7727328868880861
2002-07-31,-0.48030204908898555,0.04357723260891546,0.7697915608489974
2002-08-31,1.8540434751011663,-0.04188564529748576,0.7997581781170983
2002-09-30,1.2228830512741002,-0.21453018885100303,0.8286392147933497
2002-10-31,0.15018059261152827,-0.40365792908277287,0.7905382181694087
2002-11-30,2.158999661632828,-0.4499997134912193,0.6294959776791422
2002-12-31,2.736994952200925,-0.516134943823832,0.4927036489802857
2003-01-31,1.3865647565298027,-0.6217315378190005,0.3868482043742817
2003-02-28,0.5091968728148993,-0.7224046302967155,0.1486399028615345
2003-03-31,0.46787336264133783,-0.8074063943728601,0.026720253316379873
2003-04-30,-1.6601635223717104,-0.8234046706455933,-0.15906966068784206
2003-05-31,-2.571893401157398,-0.918070978950233,-0.13172770839177023
2003-06-30,-1.0045065459866955,-0.8927831906738503,-0.17299443891685995
2003-07-31,-2.590864468133423,-0.951423283246149,-0.32563686582918433
2003-08-31,-1.1750426163775929,-0.975284894301836,-0.11439231667667794
2003-09-30,-3.253596920797794,-1.016228351304937,-0.10019690466802504
2003-10-31,-2.956427632205939,-1.0377677138282488,-0.009659374240965322
2003-11-30,-3.803707516316243,-0.9526160023218365,0.15875611722214542
2003-12-31,-3.1157822026138184,-0.9911788303341522,0.3851523177152249
2004-01-31,-2.109633675907072,-1.0230465004772638,0.4777149562151999
2004-02-29,-1.6181136845365063,-0.8433659060959532,0.7689986009484892
2004-03-31,-0.4309127912766944,-0.8901676706089926,0.9342333430660803
2004-04-30,-0.33093713282977766,-0.7914021079180839,1.074436040474029
2004-05-31,1.3877150065334711,-0.7363661759831532,1.2442698725494619
2004-06-30,0.5263742726712402,-0.6484268590581865,1.110180698994667
2004-07-31,0.786700616626408,-0.6239173708919906,1.1841648491066896
2004-08-31,0.8344818813113345,-0.43460037521122086,1.0107026237285417
2004-09-30,1.2240890808757368,-0.3715379217151765,0.9135686926141791
2004-10-31,1.3074951851593435,-0.2817985380925753,0.760337318805584
2004-11-30,1.382147556175752,-0.16254532141399577,0.4731475115571621
2004-12-31,1.6285484857635701,-0.10408937999751326,0.21693310036160876
2005-01-31,2.6423015457304686,-0.03929143207971442,-0.03880365248955136
2005-02-28,0.7041790477200941,0.14040927986370041,-0.3148675950787553
2005-03-31,-0.5488082752895884,0.23017356230868605,-0.5026445578284638
2005-04-30,-0.029385048899748467,0.3984287839305678,-0.7477362376227307
2005-05-31,-0.8723091164787166,0.43038491346448726,-0.9532923394474896
2005-06-30,-0.7646004855467216,0.5177846976236912,-1.0702701881835515
2005-07-31,-0.41360318159153353,0.5511859630058515,-1.1581139453311062
2005-08-31,-1.1136666753428395,0.6431936126089872,-0.9850556979610113
2005-09-30,-1.636500779371178,0.7242011818402966,-1.1599074501366713
2005-10-31,-1.098844141396026,0.8367941269029457,-0.9696445621153835
2005-11-30,0.0663527760853426,0.8700772206494598,-0.9397392865500505
2005-12-31,-0.5824569225928411,0.9700598473175275,-0.7380088533417062
2006-01-31,0.2117777985072189,0.9270709591927122,-0.5417570075260516
2006-02-28,1.341371466925035,1.0301746784341674,-0.39206313858251096
2006-03-31,0.35516645975854355,1.0274675088298515,-0.23139235115461956
2006-04-30,2.6796261821409613,0.9781835707579822,0.03772020385264094
2006-05-31,2.951847882320332,1.0186763279035937,0.19873903908509363
2006-06-30,1.4729832517801527,0.9444459756093063,0.20734774644641102
2006-07-31,3.295233466130207,0.9589713323549077,0.2782841850737985
2006-08-31,3.2391598259781738,0.9219397302305964,0.14606797306044444
2006-09-30,3.5402195303019206,0.8599186494157808,0.15952537430592117
2006-10-31,1.9822487400861255,0.7854720770650858,0.12188112761319014
2006-11-30,2.0960889569958994,0.7973935572382728,-0.10385901951682108
2006-12-31,1.1256972649779022,0.6588779093058235,-0.19382104654128524
2007-01-31,1.8315887568246463,0.5794302915304489,-0.26952882220222896
2007-02-28,-0.4532354440895519,0.482520783116127,-0.5006012087078126
2007-03-31,-1.5962271743861487,0.4144618819177387,-0.6380101364926671
2007-04-30,-1.335527007962792,0.3033068945050585,-0.8224059124860619
2007-05-31,-2.4042299434229992,0.2871682904321485,-0.8659177894577588
2007-06-30,-2.922454977243264,0.21261381716393157,-0.8875586886654012
2007-07-31,-1.2127160228792795,0.011206146504452988,-0.843504152371653
2007-08-31,-0.7889112185905391,-0.138440596968327,-0.7342073087243736
2007-09-30,-0.45069669318652195,-0.28973064452036396,-0.613906665425659
2007-10-31,-1.5838841492559321,-0.24966466173046703,-0.350291639338165
2007-11-30,-1.2748015713470897,-0.3335282253205553,-0.09289698935345984
2007-12-31,-0.686107969415263,-0.5515918606940142,0.17834760829025886
2008-01-31,-0.6650137385083742,-0.5318394725234115,0.3271764165736032
2008-02-29,0.871348399720608,-0.6310488225741322,0.6605003714892881
2008-03-31,0.675361720167845,-0.7767677642350087,0.7897771622582207
2008-04-30,1.5531345920436435,-0.8601294918871059,1.0340188213036547
2008-05-31,0.08138959888400413,-0.8811295220482906,1.1947604408671402
2008-06-30,0.9681953730303268,-0.8755189757642605,1.3334389913601703
2008-07-31,-0.9219783049226428,-0.8542413742679901,1.4139968619654395
2008-08-31,-1.543205814742346,-0.9764951716030087,1.3615112821043232
2008-09-30,-0.28173908085556665,-1.0782072043298403,1.3051121036058786
2008-10-31,-1.6493258833968982,-0.9836878067084789,1.1421854547292898
2008-11-30,-2.544422916172066,-1.0256514882617829,0.9756773335198604
2008-12-31,-2.0328686343562437,-0.9878643711193491,0.8034667391233677
2009-01-31,-1.115492134065382,-0.9866999729050292,0.5116651877738303
2009-02-28,-1.9867290379289542,-0.9087929540190686,0.2927218083847982
2009-03-31,-2.1723339476235184,-0.7760553651303945,0.16495147977214805
2009-04-30,-0.6205462316599966,-0.7289762098686636,-0.1337401047576757
2009-05-31,-1.2699661472905923,-0.6952499711717958,-0.2700791170143533
2009-06-30,-2.1661300368414316,-0.6095313349017988,-0.425302055414471
2009-07-31,-1.4540403894131246,-0.5818608899812442,-0.4582956243120069
2009-08-31,-2.058428572752785,-0.5501589055010673,-0.46869174782939793
2009-09-30,-1.1939604432035185,-0.2958024756589529,-0.3785087409336916
2009-10-31,-3.459809649594588,-0.31647599507922725,-0.374182460620532
2009-11-30,-1.2148451088571588,-0.15917156048805764,-0.24105546939785114
2009-12-31,-1.206957747441105,-0.021714715479053764,-0.09459696813852395
2010-01-31,-0.9582156802400219,0.007319362330915748,-0.008308952586090488
2010-02-28,0.10201283076460153,0.06945918327938677,0.13703901211680905
2010-03-31,0.1593352020953347,0.166892799367372,0.2607842271898472
2010-04-30,2.330400359810715,0.29512193931174313,0.33714434882137295
2010-05-31,0.7390394295084886,0.37662239045395357,0.5161487331838955
2010-06-30,1.4644819277846282,0.4655754615762588,0.46160265032947956
2010-07-31,0.6678869003462489,0.6149203651061622,0.40027863968696664
2010-08-31,1.7482191979138655,0.7318419944847173,0.39252796152480435
2010-09-30,0.9804899103328574,0.6974776297638395,0.33118911775615467
2010-10-31,2.438215450916678,0.7538365010918439,0.09463059579364
2010-11-30,1.8007206134084295,0.8152136706663903,-0.11132662843709437
2010-12-31,1.5251233016269172,0.9067937633399487,-0.28810848591750265
2011-01-31,0.810404530941224,0.9276025974290444,-0.5757926258162132
2011-02-28,1.8284088888887766,0.9899702134599411,-0.8254670995239043
2011-03-31,2.734377484704731,0.9884445654102328,-1.108265768658249
2011-04-30,1.4010672890132294,1.0608238809396688,-1.1599162672528678
2011-05-31,0.7368383038811034,0.9986740091574852,-1.3172314097816784
2011-06-30,0.11051640552241437,0.9329266780372379,-1.3298904921919377
2011-07-31,1.2169492986903323,0.8997355789929885,-1.353434981311837
2011-08-31,0.928143439609535,0.9619030206078724,-1.2341927972080546
2011-09-30,1.0612352475921747,0.8574089270699462,-1.1401446879484884
2011-10-31,-0.404728491832121,0.839474789644183,-1.0164077942289003
2011-11-30,-0.3319891914517482,0.7425784665108036,-0.9175668078248908
2011-12-31,0.2600020000375065,0.6392132050512778,-0.6740015631295388
2012-01-31,-0.4570121430214379,0.6411434669021627,-0.41768874403857376
2012-02-29,0.01500725852846696,0.43764528820945237,-0.11526543577519745
2012-03-31,-1.191432024792058,0.4467588460678089,0.16439797002954973
2012-04-30,0.2922977991223967,0.2830487355039232,0.5003072440308899
2012-05-31,1.408097836267114,0.20596400042705773,0.5989185586073829
2012-06-30,1.1419857510936,0.16687848038492897,0.7641410270500933
2012-07-31,0.734270304595403,0.02105200339776882,0.7476208518972641
2012-08-31,1.5503112522200075,-0.061043255960762356,0.8286720501831168
2012-09-30,0.6108236867733001,-0.2569959316827149,0.8919991297423876
2012-10-31,1.1825325933486945,-0.371265250452936,0.7344698052959124
2012-11-30,1.842815256993865,-0.367400160389563,0.6308846064877114
2012-12-31,1.279815704924756,-0.4839976228190234,0.48594570747973176
2013-01-31,-0.33834155662495746,-0.6329261407180274,0.43491055797629846
2013-02-28,2.080705267302034,-0.6977637154719541,0.24932172242351838
2013-03-31,-0.8763363605804657,-0.7116240002179232,0.033705086878142027
2013-04-30,-1.293565720822515,-0.9193466799174755,-0.08350339089723086
2013-05-31,0.7579506631957456,-0.920873196631364,-0.19755593615232633
2013-06-30,-2.567845947551988,-0.9013078350509076,-0.2233816929812483
2013-07-31,-2.5336716739872633,-0.8962018039335137,-0.28604470985431885
2013-08-31,-3.4449894344376526,-0.9620454854724823,-0.22293592560376668
2013-09-30,-3.303649403670592,-0.994728711252684,-0.128240171020928
2013-10-31,-4.941990826018434,-1.0237075240386349,0.006405406219287729
2013-11-30,-3.6923152070993885,-1.0648674836825986,0.2672872214166288
2013-12-31,-2.4083880478311266,-0.8705549806949546,0.46547630087614483
2014-01-31,-0.7032393556668594,-0.9285783757107131,0.5965034606571598
2014-02-28,-1.544270984770772,-0.9692265119388193,0.6928025223586647
2014-03-31,-1.0861821312076578,-0.8502704003406228,0.925183202363769
2014-04-30,-0.5304251517085394,-0.8197435568073771,0.9656461922192432
2014-05-31,0.2881070592967572,-0.8124764960613011,1.1093199797382296
2014-06-30,0.3851453222820199,-0.6457568270254863,1.2166721956610744
2014-07-31,-0.06669780608982778,-0.555115091221965,1.1567653437041387
2014-08-31,0.4754560459788172,-0.4258373119590362,0.9868496035625216
2014-09-30,0.5314477385936004,-0.42158087327982025,0.884051778515954
2014-10-31,0.519801294194899,-0.2856702242635772,0.7130616981090897
2014-11-30,0.4046024689392691,-0.17560482367661726,0.520935389558245
2014-12-31,0.969936302993927,-0.05924512500518363,0.184372012417354
2015-01-31,-0.21561096484136943,0.0019827660742286267,0.00349416115738578
2015-02-28,1.0629288886589923,0.07536113983736831,-0.33038120968749607
2015-03-31,-1.0333046140274,0.17149984993060755,-0.5039787827501349
2015-04-30,-1.1976376149446,0.3242818766927994,-0.6741068925030289
2015-05-31,-1.2570890405571595,0.4276093346274026,-1.0090066444826606
2015-06-30,-1.960372539097587,0.4570496225232477,-1.0601402861373648
2015-07-31,-1.4670388794764238,0.5576977503468602,-1.1781639470091059
2015-08-31,-2.7748373307458225,0.6662586315421205,-1.1729758513716466
2015-09-30,-2.2729837314452404,0.852248268013579,-1.1572305621276977
2015-10-31,0.5482877729773038,0.7895495319965928,-1.1103492901241863
2015-11-30,1.514614116002262,0.9526759072939964,-0.8886985751327475
2015-12-31,0.6236423476908641,0.8967393400318953,-0.8719995186628898
2016-01-31,1.558732894604001,0.8243762921371021,-0.5546403499536535
2016-02-29,1.56375873363938,0.9650040223331281,-0.3821681812422547
2016-03-31,2.813005109177546,0.9623252589340401,-0.1738438180536731
2016-04-30,2.7170007968451624,1.0030465860117417,-0.08736311721760445
2016-05-31,2.3519117695951937,1.0050938681771904,0.08791212628525094
2016-06-30,3.4946883162233036,0.9461619763819324,0.14191823554312222
2016-07-31,3.0629353267678785,0.95930254560159,0.242271879273118
2016-08-31,2.899960053044994,0.8190347662177645,0.1666715096782915
2016-09-30,2.0961697658709615,0.7981692093811356,0.16518131815970188
2016-10-31,1.577425874182437,0.8141067664126919,0.02237548801056774
2016-11-30,1.306487165293124,0.7418929768597168,-0.03387398228312835
2016-12-31,0.9538919168306119,0.6582824604668918,-0.21822445430388132
2017-01-31,0.4075830198660935,0.6272716437395455,-0.29284056521679847
2017-02-28,-0.6533844164284284,0.49988812021535917,-0.3886593413732986
2017-03-31,-0.8380610552706502,0.334889186789771,-0.6475767435125903
2017-04-30,-1.5478132135487623,0.35489569035906793,-0.7473093139153276
2017-05-31,-1.530300026562235,0.21306433951820283,-0.8224451906099417
2017-06-30,-1.7182516973093747,0.031016998092595893,-0.9523608804731288
2017-07-31,-1.649386431634744,-0.07338022597501982,-0.7788688548105973
2017-08-31,-2.3752443805322345,-0.1373579481180788,-0.7221352237613808
2017-09-30,-1.2666917909075324,-0.17177324426910057,-0.5763772641773859
2017-10-31,-0.784381676436311,-0.27815387793936,-0.3739595000177252
2017-11-30,-1.6611115071834268,-0.4192966458113696,-0.08734964932780334
2017-12-31,-1.5230881071511406,-0.4456530933744187,0.1840251144787698
2018-01-31,-0.8158327960993215,-0.6034373987495888,0.3078984315371154
2018-02-28,1.2834602301206255,-0.6548333054739774,0.5693992220553324
2018-03-31,1.1183775478840658,-0.7672111830073298,0.8892318189593108
2018-04-30,-0.012891818115952636,-0.7886537148251862,1.0725917278178383
2018-05-31,0.5640655624631202,-0.926779556593759,1.2208147938821357
2018-06-30,1.0819852220508648,-0.9099182554422081,1.3012782343729201
2018-07-31,-0.6396109160042519,-1.0080954850488153,1.3690276167700195
2018-08-31,-0.852570593153021,-1.0311705367753803,1.4066312975105841
2018-09-30,-2.0951874588776978,-1.025194443762057,1.2814850012520915
2018-10-31,-1.735666616365335,-1.0701877435789011,1.0833900097804978
2018-11-30,-3.124698405030448,-1.0148017734828307,1.013972656587508
2018-12-31,-1.1555462699132177,-0.9168440381521679,0.7073823374010891
2019-01-31,-1.417775478795237,-0.9848666204350116,0.6189038141246078
2019-02-28,-0.6057329179078986,-0.8359812831515232,0.3520120897177345
2019-03-31,-1.1611513699460425,-0.8982727432982848,0.17600858925560905
2019-04-30,-0.6774829767356878,-0.7989198341836833,-0.01688740460454692
2019-05-31,-1.6725656754885492,-0.783283352273089,-0.2604117265948885
2019-06-30,-1.8741968117761898,-0.6471115677091607,-0.4181910218232481
2019-07-31,-2.340972728764092,-0.6270695563096964,-0.366774814570582
2019-08-31,-2.2826375791057663,-0.5100569774068061,-0.47634834717877195
2019-09-30,-0.8409171502771824,-0.2928590706112165,-0.43629975671685606
2019-10-31,-1.1679761387953742,-0.31427300276610204,-0.3183931337807957
2019-11-30,-1.0347265309234215,-0.11518029283799583,-0.21443310054458548
2019-12-31,-0.830102487995494,-0.0457958467892299,-0.09803100266975603
